{"quantumoptics_mesolve":[4.5098723e7,4.4920117e7,4.5419187e7,4.5136271e7,4.4372038e7,4.449263e7,4.5025491e7,4.5569939e7,4.6137965e7,4.4267972e7,4.4820532e7,4.452866e7,4.5398327e7,4.4324946e7,4.4392831e7,4.4583467e7,4.5030907e7,4.5307421e7,4.3826695e7,4.5041223e7,4.391992e7,4.3975521e7,4.5714138e7,4.5507936e7,4.4209015e7,4.4315953e7,4.4386933e7,4.4550813e7,4.4376251e7,4.5513835e7,4.6376568e7,4.4669809e7,4.4246634e7,4.4615737e7,4.3962759e7,4.4647586e7,4.5932776e7,4.432171e7,4.4661678e7,4.7474119e7,4.4075026e7,4.408844e7,4.4964778e7,4.4548022e7,4.5447704e7,4.5507094e7,4.5700253e7,4.4909233e7,4.577116e7,4.4275635e7,4.5704775e7,4.5213567e7,4.4836547e7,4.5655311e7,4.4957582e7,4.3866676e7,4.4719487e7,4.3711747e7,4.4722167e7,4.5076131e7,4.4342711e7,4.5480563e7,4.4451153e7,4.4836284e7,4.5330844e7,4.4952193e7,4.4726398e7,4.7243201e7,4.5329708e7,4.6044772e7,4.5932035e7,4.5172809e7,4.4945013e7,4.4490654e7,4.3735874e7,4.3544319e7,4.4569957e7,4.5269546e7,4.5753342e7,4.7277824e7,4.4933494e7,4.4723867e7,4.4822865e7,4.5273526e7,4.3696245e7,4.4995283e7,4.4309126e7,4.6646936e7,4.3611922e7,4.3882558e7,4.5082676e7,4.3775138e7,4.5469364e7,4.3969804e7,4.4967354e7,4.4283235e7,4.3574273e7,4.4823327e7,4.4790593e7,4.5079463e7,4.4591625e7,4.4900774e7,4.6782884e7,4.4920681e7,4.4892489e7,4.412484e7,4.7468156e7,4.3728483e7,4.3838836e7,4.3589254e7,4.4552277e7,4.5198209e7],"quantumoptics_smesolve":[4.473651464e9,4.498802551e9],"quantumoptics_mcsolve":[2.1390711e7,2.2799144e7,2.1827655e7,2.0619751e7,2.4010076e7,2.3500802e7,2.3619164e7,2.1099565e7,2.5236765e7,2.033969e7,2.2968604e7,2.3440869e7,2.3763515e7,2.229547e7,2.1664718e7,2.1005416e7,2.0923841e7,2.3615926e7,2.8458665e7,2.353984e7,2.33902e7,2.3311128e7,2.0568073e7,2.3261216e7,2.0871103e7,2.3456641e7,2.2926554e7,2.7660775e7,2.3230597e7,2.3854693e7,2.3285835e7,2.3281496e7,2.2148255e7,2.5769042e7,2.4123502e7,2.5138261e7,1.9634149e7,2.1857619e7,1.8140863e7,2.5188704e7,2.0084437e7,2.3495135e7,2.233867e7,2.4596798e7,2.215612e7,2.2508613e7,2.4584507e7,2.2926336e7,2.2367166e7,2.170011e7,2.4486897e7,2.5489802e7,2.0837639e7,2.5922309e7,2.0814247e7,2.4683066e7,2.1673748e7,2.173244e7,2.4139634e7,2.4804195e7,2.3476387e7,2.236222e7,2.1651424e7,2.1815818e7,2.3811207e7,2.5591954e7,2.2025056e7,2.5935347e7,2.4205274e7,2.2153056e7,2.307672e7,2.5383165e7,2.3188583e7,2.4690056e7,2.2231983e7,2.3503756e7,2.2698906e7,2.4887908e7,2.3230839e7,2.5847482e7,2.4972075e7,2.3285368e7,2.3047762e7,2.2479395e7,2.3262012e7,2.3379253e7,2.3494313e7,2.3656577e7,2.4878656e7,2.0926646e7,2.5405255e7,2.406156e7,2.124839e7,2.5148673e7,2.2475062e7,2.1791687e7,2.2376829e7,2.2401952e7,2.3195481e7,2.4367521e7,2.5323587e7,1.9752814e7,2.5274558e7,2.5088192e7,2.3970324e7,2.4264523e7,2.1872999e7,2.1797306e7,2.2745625e7,2.4632555e7,2.4734671e7,2.2217564e7,2.5068556e7,2.26055e7,2.058178e7,2.4375808e7,2.0369982e7,2.5490418e7,2.0473573e7,2.6042473e7,2.2130164e7,2.1968332e7,2.2252371e7,2.4324998e7,2.1509114e7,2.3497031e7,2.1658293e7,2.631643e7,2.4580396e7,2.0309943e7,2.3212186e7,2.1914528e7,2.404352e7,2.0461536e7,2.243791e7,2.0189899e7,2.4382367e7,2.3513484e7,2.3543046e7,2.5639727e7,2.2123731e7,2.4899352e7,2.1591213e7,2.3647756e7,2.3901421e7,2.1405817e7,2.5852375e7,2.3160831e7,2.4415865e7,2.256164e7,2.0958908e7,2.2570959e7,2.3663562e7,2.3112802e7,2.5421579e7,2.1641086e7,2.5648205e7,2.0501057e7,2.2139197e7,2.33034e7,2.6037357e7,2.260776e7,2.2430872e7,2.2887169e7,2.2253771e7,2.2349372e7,2.402206e7,1.9562093e7,2.2624851e7,2.2585652e7,2.264217e7,2.5332533e7,2.4276009e7,2.5227091e7,2.6454755e7,2.089633e7,2.1975421e7,2.5502308e7,2.3075658e7,2.4448171e7,2.2483343e7,2.5478192e7,2.1508073e7,2.5731492e7,2.6281121e7,2.2546779e7,2.3567775e7,2.2228557e7,2.2756752e7,2.3778757e7,2.0528578e7,2.2302763e7,2.0620022e7,2.0796476e7,2.4659869e7,2.3995861e7,2.0957707e7,2.5624171e7,2.3799267e7,2.4057129e7,2.5165759e7,2.2603406e7,2.2694905e7,2.1942076e7,2.5578912e7,2.2084246e7,2.3674632e7,2.5724368e7,2.4499633e7,2.1423638e7,3.273671e7,2.1928333e7,2.6183984e7,2.4019021e7,2.5451773e7]}