{"quantumoptics_mesolve":[8.5301332e7,8.5294968e7,8.5569762e7,8.4217952e7,8.4040438e7,8.3869798e7,8.5338785e7,8.4156873e7,8.4099853e7,8.3771526e7,8.3963028e7,8.4085697e7,8.4187083e7,8.3773973e7,8.401531e7,8.4089765e7,8.4072702e7,8.3888194e7,8.4042343e7,8.3840232e7,8.4189158e7,8.4211571e7,8.3946657e7,8.4121907e7,8.3914135e7,8.3632709e7,8.4524478e7,8.4404475e7,8.4016061e7,8.3898714e7,8.5090725e7,8.3819331e7,8.4053565e7,8.3815212e7,8.409742e7,8.4231009e7,8.4472516e7,8.3815263e7,8.362278e7,8.4048445e7,8.395821e7,8.4154079e7,8.3943462e7,8.3801385e7,8.414347e7,8.3892953e7,8.3885729e7,8.4161313e7,8.3866242e7,8.7857456e7,8.3850892e7,8.4037073e7,8.4094274e7,8.4573763e7,8.3953962e7,8.4119622e7,8.3856252e7,8.3863056e7,8.4115124e7,8.4062392e7],"quantumoptics_smesolve":[5.24169172e9],"quantumoptics_mcsolve":[1.2015865e7,1.0710987e7,1.1575953e7,1.1533831e7,1.119775e7,1.1579289e7,1.1665317e7,1.1055374e7,3.2366803e7,1.1028391e7,1.1213029e7,1.1376016e7,1.089339e7,1.1516206e7,1.1293215e7,1.1257215e7,1.0946402e7,1.1758617e7,1.425784e7,1.3839299e7,1.4050778e7,1.335003e7,1.4347915e7,1.4269983e7,1.3752871e7,1.3289073e7,5.4103816e7,1.0987281e7,1.1096514e7,1.104858e7,1.1518231e7,1.106851e7,1.0783417e7,1.1730693e7,3.623586e7,1.1430662e7,1.1446031e7,1.1454437e7,1.2117111e7,1.102201e7,1.1670516e7,2.9575012e7,1.1167641e7,1.1193572e7,1.0799919e7,1.1482321e7,2.7418935e7,1.1441833e7,1.1097135e7,1.1309516e7,2.4336551e7,1.1333493e7,1.0685307e7,1.1606472e7,2.4541158e7,1.1345546e7,1.0956021e7,1.0731447e7,2.5205665e7,1.1088919e7,1.2108525e7,2.2832396e7,1.1395012e7,1.0871137e7,1.1369914e7,2.4896116e7,1.1702498e7,1.1273927e7,2.2219959e7,1.1518902e7,1.1093668e7,2.1778754e7,1.159536e7,1.0974988e7,2.2225109e7,1.1159346e7,1.0982843e7,2.0639217e7,1.0923979e7,1.1436091e7,1.1664314e7,2.2456268e7,1.1410382e7,1.98934e7,1.2090771e7,1.1583307e7,2.1210964e7,1.1117384e7,1.0995387e7,2.0989956e7,1.0902087e7,1.352524e7,2.5725983e7,1.1215153e7,1.1555243e7,1.9415585e7,1.1168943e7,1.134269e7,2.1366846e7,1.118785e7,1.0966211e7,2.1214481e7,1.1335857e7,1.0926795e7,2.1229951e7,1.1623835e7,1.1175176e7,2.1292393e7,1.1344353e7,1.1390834e7,2.0864644e7,1.1245312e7,1.1569661e7,2.2768302e7,1.1258808e7,1.118259e7,1.1025916e7,2.4689425e7,1.1884831e7,1.1299917e7,2.2404438e7,1.1313845e7,1.1426263e7,2.2332728e7,1.1192209e7,1.1290019e7,2.3424665e7,1.1258237e7,1.1468194e7,1.1490587e7,2.3079365e7,1.0952665e7,1.1250522e7,2.14721e7,1.0848674e7,2.0382108e7,1.087831e7,1.2067044e7,1.1420772e7,2.3230377e7,1.1253087e7,2.0471091e7,1.1366968e7,1.1106063e7,2.1222235e7,1.1539693e7,1.2020945e7,1.1305408e7,2.1751481e7,1.1464587e7,2.1792261e7,1.1273477e7,1.1485136e7,1.8615294e7,1.135264e7,1.1505275e7,2.1014182e7,1.1125099e7,1.1016298e7,2.3632687e7,1.1594067e7,1.1222147e7,2.2347156e7,1.1356327e7,1.1869341e7,2.2786126e7,1.1974114e7,1.0968475e7,2.0739621e7,1.1299517e7,1.1570422e7,2.2308411e7,1.10535e7,1.081116e7,2.1017169e7,1.1510045e7,1.0741827e7,2.2927891e7,1.1030496e7,1.2174132e7,1.1672911e7,2.2529279e7,1.1766482e7,2.206018e7,1.139388e7,1.1516648e7,2.3205278e7,1.1313093e7,1.1291813e7,2.017159e7,1.1862969e7,1.1059211e7,2.0514374e7,1.1151631e7,1.1274137e7,2.3000072e7,1.1114428e7,1.1101584e7,1.1415041e7,2.1822208e7,1.1457743e7,1.1413768e7,2.2163841e7,1.1230814e7,1.1344153e7,2.1266312e7,1.1786822e7,1.1747425e7,2.1457021e7,1.1742135e7,1.1152833e7,2.0979856e7,1.1225653e7,1.0804037e7,2.3652275e7,1.1618155e7,1.1183302e7,1.1232908e7,2.4620702e7,1.1565843e7,2.045534e7,1.1653303e7,1.0977884e7,2.1462051e7,1.1033171e7,1.1136571e7,2.4290312e7,1.1242647e7,1.159022e7,1.1065643e7,2.3908592e7,1.1387728e7,1.1107906e7,2.2225139e7,1.1217568e7,1.12287e7,2.1225472e7,1.1671068e7,1.1350907e7,1.0848723e7,2.4450011e7,1.1170668e7,1.1260872e7,2.2413154e7,1.1792933e7,1.1500316e7,2.3739664e7,1.1079922e7,1.1441472e7,2.1630016e7,1.1439138e7,1.0903359e7,2.1375814e7,1.1100039e7,1.1156991e7,2.3451365e7,1.1487722e7,1.0931855e7,2.2836304e7,1.1936993e7,1.1471461e7,2.1622412e7,1.1262024e7,1.0912938e7,2.1406623e7,1.1179054e7,1.1488944e7,2.3272238e7,1.0855617e7,1.171398e7,1.0868381e7,2.2393365e7,1.1196567e7,1.9886528e7,1.1066064e7,1.2253336e7,2.1352799e7,1.1235273e7,1.116195e7,2.1799174e7,1.186876e7,1.148175e7,2.121354e7,1.1205234e7,1.115697e7,2.4262587e7,1.1659825e7,1.1438155e7,2.1545642e7,1.1573157e7,1.1457183e7,1.1294717e7,2.2621578e7,1.1224681e7,2.0418117e7,1.137884e7,1.1042518e7,2.143076e7,1.180135e7,1.0815048e7,1.092461e7,2.237587e7,1.1453075e7,2.002711e7,1.1416704e7,1.159553e7,2.402666e7,1.1371627e7,1.1979124e7,1.1155478e7,2.2565048e7,1.1482843e7,1.1358742e7,2.1228218e7,1.1643013e7,1.1657972e7,2.1863859e7,1.1484285e7,1.1220684e7,2.2882683e7,1.084203e7,1.1330698e7,1.1638414e7,2.3292087e7,1.0931052e7,2.0782314e7,1.1118045e7,1.187423e7,2.2400159e7,1.0892849e7,1.1998993e7,2.1835675e7,1.1592896e7,1.1241525e7,1.1261403e7,2.3134512e7,1.2092043e7,2.2790445e7,1.1196047e7]}