{"quantumoptics_mesolve":[4.4370911e7,4.5317987e7,4.5466859e7,4.4624713e7,4.4150837e7,4.5511174e7,4.4299295e7,4.4829775e7,4.4922595e7,4.4439811e7,4.4588084e7,4.4939838e7,4.5429244e7,4.4953397e7,4.5498338e7,4.5448811e7,4.4156005e7,4.5732625e7,4.4664173e7,4.4835867e7,4.4228076e7,4.4356648e7,4.4724706e7,4.4546441e7,4.4377031e7,4.5254373e7,4.4039174e7,4.4309073e7,4.5024439e7,4.5508854e7,4.441871e7,4.4963444e7,4.5357704e7,4.6099026e7,4.5065561e7,4.5170295e7,4.5079716e7,4.4918419e7,4.5273173e7,4.793561e7,4.5015663e7,4.5195289e7,4.4359403e7,4.3840263e7,4.6074835e7,4.7352742e7,4.5324236e7,4.4704848e7,4.5056247e7,4.4653986e7,4.4131785e7,4.4208427e7,4.4275484e7,4.4378476e7,4.433592e7,4.4253766e7,4.4223851e7,4.534135e7,4.4002352e7,4.4464186e7,4.5046533e7,4.371353e7,4.4606726e7,4.4223345e7,4.4984703e7,4.3817599e7,4.4501164e7,4.4244531e7,4.8075139e7,4.466468e7,4.3878147e7,4.5343787e7,4.4689194e7,4.4144316e7,4.5148821e7,4.4942511e7,4.425353e7,4.3882294e7,4.4205766e7,4.4256274e7,4.4745276e7,4.4722671e7,4.4569895e7,4.4927559e7,4.4655425e7,4.5284189e7,4.5679732e7,4.4285774e7,4.6387588e7,4.5438383e7,4.4209677e7,4.4221297e7,4.5864383e7,4.5209568e7,4.41526e7,4.4823769e7,4.4817056e7,4.4287242e7,4.4899634e7,4.5391326e7,4.420367e7,4.4178018e7,4.4913843e7,4.6145338e7,4.5062785e7,4.4373986e7,4.4367215e7,4.4213128e7,4.4751875e7,4.4350173e7,4.4280882e7,4.4373546e7],"quantumoptics_smesolve":[4.486024525e9,4.497487611e9],"quantumoptics_mcsolve":[2.3720831e7,2.4410708e7,2.1358916e7,2.0241894e7,2.2564657e7,2.1193839e7,2.3656573e7,2.3848991e7,2.3665336e7,3.0107431e7,2.2037104e7,2.1017661e7,2.3632899e7,2.2593731e7,2.3532783e7,2.3596452e7,2.2649037e7,2.6618496e7,2.3397408e7,2.3570515e7,2.4223096e7,2.0855012e7,2.3771191e7,2.8915398e7,2.3204861e7,2.371109e7,2.1987112e7,2.6580673e7,2.3990287e7,2.3185141e7,2.2543409e7,2.4576782e7,2.4528708e7,2.4117757e7,2.1628721e7,2.3975479e7,2.5356568e7,2.5919445e7,2.4496572e7,2.4565156e7,2.2700905e7,2.3024962e7,2.2224816e7,2.2142296e7,2.4083129e7,2.3514418e7,2.3070897e7,2.3217701e7,2.134285e7,2.5095375e7,2.200499e7,2.2701187e7,2.3739422e7,2.2792971e7,2.4955652e7,2.4029397e7,2.0799365e7,2.2574859e7,2.2970134e7,2.524104e7,2.4743717e7,2.3513467e7,2.3306538e7,2.4123616e7,2.4026512e7,2.3214003e7,2.4639423e7,2.4265296e7,2.2694432e7,2.4984109e7,2.3188074e7,2.371891e7,2.2120789e7,2.3054763e7,2.4455139e7,1.7935951e7,2.7017741e7,2.0507441e7,2.5304736e7,2.0546714e7,2.2425675e7,2.5411679e7,2.4268062e7,2.5076211e7,2.3711839e7,2.3961111e7,2.2710985e7,2.0726929e7,2.4469015e7,2.3611486e7,2.3515921e7,2.2148623e7,2.3316498e7,2.3149727e7,2.2051799e7,2.2081749e7,2.4303212e7,2.40693e7,2.4321487e7,2.388517e7,2.0942898e7,2.3375228e7,2.364029e7,2.1227563e7,2.3283812e7,2.5762833e7,2.2324886e7,2.5714622e7,2.7205446e7,2.3562803e7,2.3317792e7,2.3394669e7,2.1517332e7,2.4861652e7,2.314021e7,2.4467304e7,2.1993318e7,2.28155e7,2.1147302e7,2.4178756e7,2.0898078e7,2.5412619e7,2.5133572e7,2.4295927e7,2.3623357e7,2.1857368e7,2.6608133e7,2.7224397e7,2.4734795e7,2.2870791e7,2.0257035e7,2.2672436e7,2.0998801e7,2.4264581e7,2.2482242e7,2.2459926e7,2.3402833e7,2.415655e7,2.5061387e7,2.4483851e7,2.5634123e7,2.3032849e7,2.5988002e7,2.2600825e7,2.2330415e7,2.4536187e7,2.4437148e7,2.3220283e7,2.4796805e7,2.4481765e7,2.4154124e7,2.4661921e7,2.4862502e7,2.5089004e7,2.4703494e7,2.4021252e7,2.1649586e7,2.26444e7,2.4122373e7,2.1572264e7,2.6116377e7,2.0580714e7,2.5572563e7,2.469315e7,2.0865724e7,2.1533023e7,2.4335064e7,2.2495902e7,2.6564783e7,2.5133513e7,2.4037574e7,2.5888418e7,2.2563194e7,2.2518098e7,2.4056365e7,2.371666e7,2.0785871e7,2.2331967e7,2.3873283e7,2.2122692e7,2.5779326e7,2.2733719e7,2.0065894e7,2.2565958e7,2.5957224e7,2.0726177e7,2.4446797e7,2.3231475e7,2.4761649e7,2.4519723e7,2.4965302e7,2.3259501e7,2.2255194e7,2.1963988e7,2.1708339e7,2.5384533e7,2.4738441e7,2.2769877e7,2.0781623e7,2.515428e7,2.2661945e7,2.3338521e7,2.2315659e7,2.1543429e7,2.545061e7,2.3762542e7,2.5608382e7,2.4611801e7,2.0136663e7,2.3285296e7,2.294165e7,2.5263713e7,2.2348194e7]}