{"quantumoptics_mesolve":[4.4481609e7,4.6500722e7,4.4168987e7,4.4682457e7,4.4326652e7,4.4960918e7,4.4796269e7,4.4902223e7,4.426228e7,4.4315881e7,4.4132247e7,4.4827424e7,4.4668356e7,4.4207378e7,4.4827618e7,4.4859293e7,4.4839125e7,4.4535016e7,4.4699085e7,4.500356e7,4.5322094e7,4.4732247e7,4.4612287e7,4.4054963e7,4.4246499e7,4.4495444e7,4.4419608e7,4.4970052e7,4.3774867e7,4.449117e7,4.4582738e7,4.4740655e7,4.4028693e7,4.4481114e7,4.4273631e7,4.4300955e7,4.4719236e7,4.470594e7,4.4355537e7,4.4428757e7,4.6480429e7,4.4207851e7,4.4038843e7,4.4657752e7,4.4881246e7,4.4450104e7,4.4505345e7,4.417107e7,4.5324282e7,4.5267647e7,4.5534983e7,4.4073464e7,4.4505881e7,4.541372e7,4.5371359e7,4.3781282e7,4.4831615e7,4.499867e7,4.4325602e7,4.4907249e7,4.666361e7,4.449644e7,4.4506039e7,4.3370617e7,4.457311e7,4.5455963e7,4.4312317e7,4.6150216e7,4.3955341e7,4.4664912e7,4.3759738e7,4.5229958e7,4.4001494e7,4.4381251e7,4.6360786e7,4.3570858e7,4.4051022e7,4.4645464e7,4.4610486e7,4.4143772e7,4.5854694e7,4.4280726e7,4.501462e7,4.4919536e7,4.4448341e7,4.4616774e7,4.4314238e7,4.5246656e7,4.4060073e7,4.4207285e7,4.5903808e7,4.4562104e7,4.4425034e7,4.6089109e7,4.4640804e7,4.4339565e7,4.4435936e7,4.3860787e7,4.6896707e7,4.4306788e7,4.3953414e7,4.3386577e7,4.5087451e7,4.5839776e7,4.4443452e7,4.5106311e7,4.4229934e7,4.4282612e7,4.4207058e7,4.5208053e7,4.3988527e7,4.5941539e7],"quantumoptics_smesolve":[4.27765043e9,4.526877604e9],"quantumoptics_mcsolve":[2.0544035e7,2.2508262e7,2.2455836e7,2.1817056e7,2.3139339e7,2.3713474e7,2.4064686e7,2.3778096e7,2.7310189e7,2.1373113e7,2.378091e7,2.3134829e7,2.2778421e7,2.1187296e7,2.4092764e7,2.4239622e7,2.1992697e7,2.4334569e7,2.237027e7,2.1971207e7,2.1843258e7,2.1108606e7,2.2946471e7,2.1627717e7,2.0111775e7,1.7414074e7,2.3455536e7,2.3723649e7,2.3078952e7,2.3481138e7,2.2652571e7,2.1291784e7,2.4513594e7,2.3987423e7,2.5693337e7,2.0166556e7,2.2111948e7,2.3328994e7,2.2068878e7,2.3012733e7,2.4099463e7,2.2519917e7,2.5233436e7,2.4055152e7,2.4006666e7,2.3931541e7,2.4010983e7,2.5253637e7,2.2354763e7,2.153354e7,2.3066321e7,2.2157952e7,2.2127337e7,2.1448264e7,2.2077772e7,2.2500488e7,2.0563914e7,2.4179173e7,2.3892287e7,2.0911415e7,2.4608765e7,2.1454599e7,2.3850665e7,2.5865674e7,2.3761505e7,2.636785e7,2.4018122e7,2.5757314e7,2.5839949e7,2.3633036e7,2.2643113e7,2.3426353e7,2.5099103e7,2.4648912e7,2.3418962e7,2.3385439e7,2.2206692e7,2.3649076e7,2.061194e7,2.2106186e7,2.3315058e7,2.1542598e7,2.280328e7,2.4188762e7,2.5624714e7,2.3932709e7,2.2109637e7,2.3339119e7,2.3231692e7,2.1354226e7,2.3256162e7,2.0757202e7,2.1796315e7,2.2843286e7,2.2187391e7,2.6845926e7,2.2465372e7,2.2918813e7,2.2264694e7,1.7770983e7,2.1476623e7,2.2308851e7,2.3443991e7,2.2123148e7,2.4253942e7,2.5114777e7,2.2024212e7,2.2793684e7,2.1489834e7,2.4743592e7,2.1581469e7,2.147175e7,2.4492924e7,2.1500377e7,2.340095e7,2.3922073e7,2.2289059e7,2.4406893e7,2.5684233e7,2.3010149e7,2.3450974e7,2.3644958e7,2.5067042e7,2.3672997e7,2.1860988e7,2.1419213e7,2.4674715e7,2.3299564e7,2.5403607e7,2.5500213e7,2.3179477e7,2.5517935e7,2.2972138e7,2.2382548e7,3.0094302e7,2.6033842e7,2.0281709e7,2.2084427e7,2.3260455e7,2.4785864e7,2.260204e7,2.352048e7,2.2512358e7,2.3146921e7,2.3460182e7,2.0377324e7,2.4893299e7,2.1447144e7,2.3522203e7,2.4543038e7,2.4036465e7,2.5495805e7,2.4102332e7,2.4630003e7,2.4530258e7,2.4093026e7,2.1636277e7,2.312289e7,2.5346887e7,2.2139567e7,2.4466699e7,2.5218841e7,2.0996504e7,2.2635197e7,2.3215806e7,2.3800277e7,2.5085957e7,2.4026972e7,2.5664219e7,2.5197017e7,2.3102785e7,2.442739e7,2.5117224e7,2.5451381e7,2.3491422e7,2.3323638e7,2.1619313e7,2.2976555e7,2.4154872e7,2.2759436e7,2.3505295e7,2.1941289e7,2.150467e7,2.3613471e7,2.5432617e7,2.4069552e7,2.2793147e7,2.0462357e7,2.2249261e7,2.1964398e7,2.1058207e7,2.1885725e7,2.7324162e7,2.2798565e7,2.1983827e7,2.242795e7,2.4014163e7,2.1244089e7,2.030844e7,2.3617861e7,2.3918476e7,2.1167157e7,2.4311991e7,2.3958442e7,2.2182761e7,2.1685053e7,2.2800932e7,2.0547136e7,2.2501124e7,2.1742818e7,2.2087598e7,2.3296427e7,2.1916464e7,2.3952394e7,2.157778e7,2.4553761e7]}