{"quantumoptics_mesolve":[8.6638254e7,8.6146053e7,8.6678081e7,8.8084749e7,8.633136e7,8.676056e7,8.6571033e7,8.6846876e7,8.6432035e7,8.6439129e7,8.7390387e7,8.6954425e7,8.7325021e7,8.6842188e7,8.6362531e7,8.7146377e7,8.7041052e7,8.6582466e7,8.8982936e7,8.6405564e7,8.6122066e7,8.6601933e7,8.6255594e7,8.628424e7,8.6086397e7,8.6411155e7,8.5849961e7,8.6504846e7,8.6909458e7,8.6072751e7,8.6073212e7,8.6335107e7,8.5930236e7,8.6534313e7,8.6148367e7,8.6317234e7,8.6038835e7,8.6150672e7,8.6319648e7,8.6085866e7,8.5868055e7,8.6314318e7,8.6238631e7,8.6229885e7,8.704991e7,8.6427807e7,8.6164468e7,8.6131364e7,8.6306633e7,8.6563549e7,8.6395104e7,9.1059308e7,8.6422667e7,8.6102288e7,8.6188114e7,8.657973e7,8.6407628e7,8.6185649e7],"quantumoptics_smesolve":[4.723989095e9,4.812704993e9],"quantumoptics_mcsolve":[8.220618e6,6.610085e6,6.706782e6,6.463822e6,6.372005e6,7.326469e6,6.655664e6,8.132387e6,5.2899047e7,6.315345e6,6.24009e6,6.803339e6,6.528768e6,7.169686e6,6.635654e6,7.564249e6,8.753358e6,9.734724e6,1.0214882e7,1.05244e7,1.0431391e7,1.0428004e7,1.0891991e7,1.0772971e7,1.0699429e7,9.2010146e7,6.765175e6,6.468802e6,7.130932e6,6.442962e6,6.679769e6,6.863285e6,6.563606e6,6.369791e6,6.569176e6,5.8683626e7,6.64357e6,6.239098e6,6.681273e6,6.734246e6,6.589395e6,4.2721718e7,6.201745e6,6.508008e6,6.531383e6,6.935905e6,6.585949e6,6.348921e6,4.9582517e7,6.485444e6,6.373789e6,6.679189e6,3.5621145e7,6.445077e6,6.463802e6,6.61236e6,3.6962406e7,6.902801e6,6.242594e6,6.753412e6,6.471708e6,4.0687996e7,6.433033e6,6.215493e6,3.2408565e7,6.507617e6,6.433064e6,3.1078505e7,6.393506e6,6.522406e6,6.363168e6,6.375482e6,3.6992274e7,6.634662e6,6.345163e6,6.498931e6,6.375562e6,4.2640521e7,6.128925e6,6.463913e6,3.1945751e7,6.478601e6,6.663919e6,6.960773e6,4.4230514e7,6.776035e6,6.972145e6,3.4740953e7,6.492017e6,6.691933e6,3.1877899e7,6.429245e6,6.140368e6,6.844078e6,3.6593654e7,6.513088e6,6.705991e6,6.484843e6,3.1625071e7,7.16108e6,6.3487e6,6.976634e6,6.687736e6,3.9464924e7,6.537916e6,6.493229e6,3.5747579e7,6.232375e6,6.595036e6,3.1794008e7,6.476928e6,6.661364e6,2.886176e7,6.614263e6,6.261472e6,7.350756e6,6.518458e6,3.8926142e7,6.632198e6,6.742581e6,3.2688276e7,6.750897e6,6.418174e6,6.338e6,6.16766e6,4.087584e7,6.366364e6,6.458753e6,3.0069464e7,6.33821e6,6.558926e6,6.184683e6,6.582091e6,3.501397e7,6.491195e6,6.495715e6,6.401322e6,6.646906e6,3.9197906e7,6.155566e6,6.514601e6,2.9558837e7,6.546703e6,6.264677e6,6.346325e6,7.015939e6,3.7825153e7,6.354632e6,6.616969e6,6.711001e6,3.4209737e7,6.418004e6,6.478481e6,6.194001e6,3.2627097e7,6.242535e6,6.45201e6,6.603152e6,7.053261e6,3.9959649e7,6.56614e6,6.738734e6,2.9662508e7,8.717819e6,8.952392e6,9.257653e6,8.865745e6,4.0395261e7,6.367336e6,6.277562e6,3.2732952e7,6.662637e6,6.402554e6,3.4084865e7,6.789051e6,6.206735e6,6.728104e6,3.4344577e7,6.968458e6,6.625965e6,6.454435e6,3.1136056e7,6.472128e6,6.345223e6,6.597371e6,6.573435e6,4.0999178e7,6.559548e6,6.192388e6,3.3316861e7,6.604464e6,6.417413e6,2.7784969e7,6.387134e6,6.290657e6,6.331497e6,6.429667e6,3.9134194e7,6.614363e6,6.261541e6,2.8326746e7,6.444786e6,6.598342e6,6.357397e6,6.426841e6,4.1868528e7,6.306198e6,6.520433e6,6.607581e6,3.9382604e7,6.455316e6,6.388056e6,3.3994641e7,6.215644e6,6.381763e6,2.9188612e7,6.430809e6,6.239409e6,7.949945e6,7.154627e6,3.9920444e7,9.275357e6,8.99844e6,6.62283e6,3.7223982e7,6.378006e6,6.3846e6,6.371665e6,6.489743e6,3.4784818e7,6.668649e6,6.465716e6,6.502727e6,3.2903733e7,6.546752e6,6.381563e6,6.446259e6,6.51416e6,3.7686125e7,6.48857e6,6.502367e6,2.9303374e7,6.236864e6,6.229049e6,6.419206e6,6.369751e6,4.207629e7,6.900046e6,6.476898e6,3.5035303e7,7.23368e6,6.85576e6,6.563826e6,3.2363458e7,6.577632e6,6.56565e6,6.645674e6,6.60752e6,3.4823973e7,6.190795e6,6.253776e6,6.579476e6,3.1954278e7,6.805663e6,6.32267e6,6.77786e6,6.508979e6,3.7861044e7,6.336105e6,6.696132e6,3.0741714e7,6.459635e6,6.47301e6,6.419998e6,6.348941e6,4.2144922e7,6.147992e6,6.474023e6,2.8688686e7,6.627749e6,6.47841e6,6.208369e6,6.35896e6,3.843889e7,6.484823e6,6.477328e6,6.489492e6,3.2822586e7,6.390992e6,6.482358e6,6.601338e6,6.623681e6,3.931863e7,6.301459e6,6.407543e6,6.665212e6,3.452197e7,6.391553e6,6.277122e6,3.5542021e7,6.490183e6,3.1864885e7,6.798048e6,6.222005e6,7.045305e6,6.39498e6,3.6388147e7,6.523859e6,6.750616e6,6.391373e6,3.5009442e7,6.385852e6,6.397795e6,3.292851e7,7.050667e6,7.141553e6,6.55025e6,2.9728225e7,6.46248e6,6.353609e6,6.632018e6,6.678047e6,3.7881413e7,6.492479e6,6.305346e6,6.47265e6,3.3656467e7,6.36394e6,6.627899e6,6.68478e6,6.581941e6,3.7676717e7,6.578694e6,6.287832e6,6.767389e6,3.3428797e7,6.5816e6,6.450206e6,6.663508e6,6.44699e6,3.5957214e7,6.616738e6,6.311387e6,6.411331e6,6.826975e6,3.8969605e7,6.558446e6,6.818729e6,6.485555e6,3.7509965e7,6.320555e6,6.522806e6,3.2229159e7,6.365713e6,6.44728e6,6.360212e6,3.4722437e7,6.139517e6,6.643049e6,6.520522e6,3.8640029e7,6.764565e6,6.623822e6,6.596839e6,3.2600577e7,6.725308e6,6.434626e6,6.894916e6,6.430629e6,4.1596653e7]}